{
  "best_global_step": 400,
  "best_metric": 0.019576389342546463,
  "best_model_checkpoint": "checkpoints_bvpi_finetuned/checkpoint-400",
  "epoch": 1.238574748257165,
  "eval_steps": 100,
  "global_step": 400,
  "is_hyper_param_search": false,
  "is_local_process_zero": true,
  "is_world_process_zero": true,
  "log_history": [
    {
      "entropy": 4.437675952911377,
      "epoch": 0.030983733539891558,
      "grad_norm": 5.90625,
      "learning_rate": 0.00019814241486068113,
      "loss": 13.987,
      "mean_token_accuracy": 0.06632657358422875,
      "num_tokens": 102472.0,
      "step": 10
    },
    {
      "entropy": 3.2837820552289485,
      "epoch": 0.061967467079783116,
      "grad_norm": 1.8828125,
      "learning_rate": 0.000196078431372549,
      "loss": 2.4959,
      "mean_token_accuracy": 0.6635929270647466,
      "num_tokens": 206440.0,
      "step": 20
    },
    {
      "entropy": 0.43478243574500086,
      "epoch": 0.09295120061967467,
      "grad_norm": 0.205078125,
      "learning_rate": 0.00019401444788441695,
      "loss": 0.3876,
      "mean_token_accuracy": 0.92125403881073,
      "num_tokens": 309192.0,
      "step": 30
    },
    {
      "entropy": 0.24347381815314292,
      "epoch": 0.12393493415956623,
      "grad_norm": 0.1728515625,
      "learning_rate": 0.00019195046439628483,
      "loss": 0.2006,
      "mean_token_accuracy": 0.9554200410842896,
      "num_tokens": 411665.0,
      "step": 40
    },
    {
      "entropy": 0.11958004403859376,
      "epoch": 0.15491866769945778,
      "grad_norm": 0.0712890625,
      "learning_rate": 0.00018988648090815274,
      "loss": 0.0939,
      "mean_token_accuracy": 0.9792227983474732,
      "num_tokens": 514113.0,
      "step": 50
    },
    {
      "entropy": 0.08696526419371367,
      "epoch": 0.18590240123934934,
      "grad_norm": 0.10546875,
      "learning_rate": 0.00018782249742002065,
      "loss": 0.0726,
      "mean_token_accuracy": 0.9822553128004075,
      "num_tokens": 618402.0,
      "step": 60
    },
    {
      "entropy": 0.07412495147436857,
      "epoch": 0.2168861347792409,
      "grad_norm": 0.07080078125,
      "learning_rate": 0.00018575851393188853,
      "loss": 0.0617,
      "mean_token_accuracy": 0.9845934689044953,
      "num_tokens": 721619.0,
      "step": 70
    },
    {
      "entropy": 0.0711360763758421,
      "epoch": 0.24786986831913246,
      "grad_norm": 0.05126953125,
      "learning_rate": 0.00018369453044375647,
      "loss": 0.0576,
      "mean_token_accuracy": 0.9853190809488297,
      "num_tokens": 824396.0,
      "step": 80
    },
    {
      "entropy": 0.06260247025638818,
      "epoch": 0.278853601859024,
      "grad_norm": 0.055419921875,
      "learning_rate": 0.00018163054695562435,
      "loss": 0.0511,
      "mean_token_accuracy": 0.9864716529846191,
      "num_tokens": 928135.0,
      "step": 90
    },
    {
      "entropy": 0.06306902645155787,
      "epoch": 0.30983733539891556,
      "grad_norm": 0.051025390625,
      "learning_rate": 0.00017956656346749226,
      "loss": 0.0533,
      "mean_token_accuracy": 0.9868593797087669,
      "num_tokens": 1032008.0,
      "step": 100
    },
    {
      "epoch": 0.30983733539891556,
      "eval_entropy": 0.05958337066695094,
      "eval_loss": 0.03476082906126976,
      "eval_mean_token_accuracy": 0.9900815963745118,
      "eval_num_tokens": 1032008.0,
      "eval_runtime": 139.2134,
      "eval_samples_per_second": 2.277,
      "eval_steps_per_second": 0.287,
      "step": 100
    },
    {
      "entropy": 0.06201269747689366,
      "epoch": 0.34082106893880715,
      "grad_norm": 0.044921875,
      "learning_rate": 0.00017750257997936017,
      "loss": 0.0501,
      "mean_token_accuracy": 0.9867306411266327,
      "num_tokens": 1135540.0,
      "step": 110
    },
    {
      "entropy": 0.05910957055166364,
      "epoch": 0.3718048024786987,
      "grad_norm": 0.0732421875,
      "learning_rate": 0.00017543859649122806,
      "loss": 0.0494,
      "mean_token_accuracy": 0.9866296499967575,
      "num_tokens": 1238701.0,
      "step": 120
    },
    {
      "entropy": 0.06176289608702064,
      "epoch": 0.4027885360185902,
      "grad_norm": 0.052978515625,
      "learning_rate": 0.000173374613003096,
      "loss": 0.0509,
      "mean_token_accuracy": 0.9867246657609939,
      "num_tokens": 1343134.0,
      "step": 130
    },
    {
      "entropy": 0.06255083587020635,
      "epoch": 0.4337722695584818,
      "grad_norm": 0.0556640625,
      "learning_rate": 0.00017131062951496388,
      "loss": 0.0525,
      "mean_token_accuracy": 0.9862400934100151,
      "num_tokens": 1446152.0,
      "step": 140
    },
    {
      "entropy": 0.06331303287297488,
      "epoch": 0.46475600309837334,
      "grad_norm": 0.055908203125,
      "learning_rate": 0.00016924664602683181,
      "loss": 0.0535,
      "mean_token_accuracy": 0.9863159924745559,
      "num_tokens": 1548239.0,
      "step": 150
    },
    {
      "entropy": 0.05795319424942136,
      "epoch": 0.4957397366382649,
      "grad_norm": 0.058837890625,
      "learning_rate": 0.0001671826625386997,
      "loss": 0.0462,
      "mean_token_accuracy": 0.9876435577869416,
      "num_tokens": 1651596.0,
      "step": 160
    },
    {
      "entropy": 0.05509223490953445,
      "epoch": 0.5267234701781565,
      "grad_norm": 0.05126953125,
      "learning_rate": 0.00016511867905056758,
      "loss": 0.0467,
      "mean_token_accuracy": 0.9878262296319008,
      "num_tokens": 1755079.0,
      "step": 170
    },
    {
      "entropy": 0.05708663612604141,
      "epoch": 0.557707203718048,
      "grad_norm": 0.0546875,
      "learning_rate": 0.00016305469556243552,
      "loss": 0.0457,
      "mean_token_accuracy": 0.9876836270093918,
      "num_tokens": 1857966.0,
      "step": 180
    },
    {
      "entropy": 0.06074533089995384,
      "epoch": 0.5886909372579395,
      "grad_norm": 0.06787109375,
      "learning_rate": 0.0001609907120743034,
      "loss": 0.0506,
      "mean_token_accuracy": 0.9866540089249611,
      "num_tokens": 1960709.0,
      "step": 190
    },
    {
      "entropy": 0.055220046546310186,
      "epoch": 0.6196746707978311,
      "grad_norm": 0.0546875,
      "learning_rate": 0.00015892672858617134,
      "loss": 0.0418,
      "mean_token_accuracy": 0.9879537403583527,
      "num_tokens": 2062965.0,
      "step": 200
    },
    {
      "epoch": 0.6196746707978311,
      "eval_entropy": 0.04381636744365096,
      "eval_loss": 0.025633737444877625,
      "eval_mean_token_accuracy": 0.9918389320373535,
      "eval_num_tokens": 2062965.0,
      "eval_runtime": 137.6089,
      "eval_samples_per_second": 2.304,
      "eval_steps_per_second": 0.291,
      "step": 200
    },
    {
      "entropy": 0.05366696650162339,
      "epoch": 0.6506584043377227,
      "grad_norm": 0.05615234375,
      "learning_rate": 0.00015686274509803922,
      "loss": 0.0453,
      "mean_token_accuracy": 0.9877638489007949,
      "num_tokens": 2167560.0,
      "step": 210
    },
    {
      "entropy": 0.05871511334553361,
      "epoch": 0.6816421378776143,
      "grad_norm": 0.052001953125,
      "learning_rate": 0.00015479876160990713,
      "loss": 0.0458,
      "mean_token_accuracy": 0.9877095609903336,
      "num_tokens": 2271360.0,
      "step": 220
    },
    {
      "entropy": 0.052565873693674804,
      "epoch": 0.7126258714175058,
      "grad_norm": 0.0751953125,
      "learning_rate": 0.00015273477812177504,
      "loss": 0.0424,
      "mean_token_accuracy": 0.9880344808101654,
      "num_tokens": 2373904.0,
      "step": 230
    },
    {
      "entropy": 0.05236288863234222,
      "epoch": 0.7436096049573974,
      "grad_norm": 0.047607421875,
      "learning_rate": 0.00015067079463364292,
      "loss": 0.0431,
      "mean_token_accuracy": 0.9885131031274795,
      "num_tokens": 2477156.0,
      "step": 240
    },
    {
      "entropy": 0.04960029791109264,
      "epoch": 0.774593338497289,
      "grad_norm": 0.0498046875,
      "learning_rate": 0.00014860681114551086,
      "loss": 0.0372,
      "mean_token_accuracy": 0.9897787883877754,
      "num_tokens": 2580561.0,
      "step": 250
    },
    {
      "entropy": 0.05347402263432741,
      "epoch": 0.8055770720371804,
      "grad_norm": 0.047607421875,
      "learning_rate": 0.00014654282765737874,
      "loss": 0.0432,
      "mean_token_accuracy": 0.988130746781826,
      "num_tokens": 2682775.0,
      "step": 260
    },
    {
      "entropy": 0.053594454936683175,
      "epoch": 0.836560805577072,
      "grad_norm": 0.05615234375,
      "learning_rate": 0.00014447884416924665,
      "loss": 0.0445,
      "mean_token_accuracy": 0.9879883676767349,
      "num_tokens": 2785864.0,
      "step": 270
    },
    {
      "entropy": 0.047116407519206406,
      "epoch": 0.8675445391169636,
      "grad_norm": 0.050048828125,
      "learning_rate": 0.00014241486068111456,
      "loss": 0.0362,
      "mean_token_accuracy": 0.9896101534366608,
      "num_tokens": 2887823.0,
      "step": 280
    },
    {
      "entropy": 0.04518068837933242,
      "epoch": 0.8985282726568552,
      "grad_norm": 0.05419921875,
      "learning_rate": 0.00014035087719298245,
      "loss": 0.0348,
      "mean_token_accuracy": 0.9901640400290489,
      "num_tokens": 2989800.0,
      "step": 290
    },
    {
      "entropy": 0.05069445963017642,
      "epoch": 0.9295120061967467,
      "grad_norm": 0.057373046875,
      "learning_rate": 0.00013828689370485038,
      "loss": 0.0404,
      "mean_token_accuracy": 0.9887071743607521,
      "num_tokens": 3092444.0,
      "step": 300
    },
    {
      "epoch": 0.9295120061967467,
      "eval_entropy": 0.039356768038123845,
      "eval_loss": 0.021172363311052322,
      "eval_mean_token_accuracy": 0.9931145146489143,
      "eval_num_tokens": 3092444.0,
      "eval_runtime": 137.3642,
      "eval_samples_per_second": 2.308,
      "eval_steps_per_second": 0.291,
      "step": 300
    },
    {
      "entropy": 0.049679716024547814,
      "epoch": 0.9604957397366383,
      "grad_norm": 0.0478515625,
      "learning_rate": 0.00013622291021671827,
      "loss": 0.0396,
      "mean_token_accuracy": 0.9890019357204437,
      "num_tokens": 3195524.0,
      "step": 310
    },
    {
      "entropy": 0.04944647504016757,
      "epoch": 0.9914794732765299,
      "grad_norm": 0.07275390625,
      "learning_rate": 0.00013415892672858618,
      "loss": 0.0412,
      "mean_token_accuracy": 0.9884127989411354,
      "num_tokens": 3299002.0,
      "step": 320
    },
    {
      "entropy": 0.044380975648378715,
      "epoch": 1.0216886134779242,
      "grad_norm": 0.06298828125,
      "learning_rate": 0.00013209494324045409,
      "loss": 0.0326,
      "mean_token_accuracy": 0.9905630059731312,
      "num_tokens": 3397610.0,
      "step": 330
    },
    {
      "entropy": 0.05449497071094811,
      "epoch": 1.0526723470178156,
      "grad_norm": 0.0537109375,
      "learning_rate": 0.00013003095975232197,
      "loss": 0.0456,
      "mean_token_accuracy": 0.9874613955616951,
      "num_tokens": 3500514.0,
      "step": 340
    },
    {
      "entropy": 0.0464325821492821,
      "epoch": 1.0836560805577071,
      "grad_norm": 0.053466796875,
      "learning_rate": 0.0001279669762641899,
      "loss": 0.0367,
      "mean_token_accuracy": 0.9893704116344452,
      "num_tokens": 3603882.0,
      "step": 350
    },
    {
      "entropy": 0.04737002202309668,
      "epoch": 1.1146398140975988,
      "grad_norm": 0.05126953125,
      "learning_rate": 0.0001259029927760578,
      "loss": 0.0366,
      "mean_token_accuracy": 0.9897979781031608,
      "num_tokens": 3706148.0,
      "step": 360
    },
    {
      "entropy": 0.04736730344593525,
      "epoch": 1.1456235476374903,
      "grad_norm": 0.056640625,
      "learning_rate": 0.0001238390092879257,
      "loss": 0.0389,
      "mean_token_accuracy": 0.9890861719846725,
      "num_tokens": 3808708.0,
      "step": 370
    },
    {
      "entropy": 0.04395860568620265,
      "epoch": 1.1766072811773818,
      "grad_norm": 0.06640625,
      "learning_rate": 0.00012177502579979361,
      "loss": 0.0323,
      "mean_token_accuracy": 0.9907662630081177,
      "num_tokens": 3911147.0,
      "step": 380
    },
    {
      "entropy": 0.05268668672069907,
      "epoch": 1.2075910147172735,
      "grad_norm": 0.050048828125,
      "learning_rate": 0.0001197110423116615,
      "loss": 0.0423,
      "mean_token_accuracy": 0.9881654754281044,
      "num_tokens": 4014726.0,
      "step": 390
    },
    {
      "entropy": 0.043176244571805,
      "epoch": 1.238574748257165,
      "grad_norm": 0.052978515625,
      "learning_rate": 0.00011764705882352942,
      "loss": 0.0329,
      "mean_token_accuracy": 0.9904536515474319,
      "num_tokens": 4116696.0,
      "step": 400
    },
    {
      "epoch": 1.238574748257165,
      "eval_entropy": 0.035057279048487544,
      "eval_loss": 0.019576389342546463,
      "eval_mean_token_accuracy": 0.9933621570467949,
      "eval_num_tokens": 4116696.0,
      "eval_runtime": 137.9676,
      "eval_samples_per_second": 2.298,
      "eval_steps_per_second": 0.29,
      "step": 400
    }
  ],
  "logging_steps": 10,
  "max_steps": 969,
  "num_input_tokens_seen": 0,
  "num_train_epochs": 3,
  "save_steps": 200,
  "stateful_callbacks": {
    "TrainerControl": {
      "args": {
        "should_epoch_stop": false,
        "should_evaluate": false,
        "should_log": false,
        "should_save": true,
        "should_training_stop": false
      },
      "attributes": {}
    }
  },
  "total_flos": 5.467889881374278e+16,
  "train_batch_size": 2,
  "trial_name": null,
  "trial_params": null
}
